{"train_loss": 0.26682830618830045, "epoch": 2, "_timestamp": 1719231035.3279092, "_runtime": 5937.492623329163, "_step": 5, "val_loss": 0.1943783641201579}